{
    "Model": [
        "LinearRegression"
    ],
    "MSE": [
        13.879051974301559
    ],
    "RMSE": [
        3.7254599681517933
    ],
    "MAPE": [
        2911234673414637.5
    ]
}